ambito;provincia;cod_provincia_DPA;poblacion_2022;poblacion_16ymas_2022;pct_poblacion_nacional;superficie_km2;densidad_hab_km2;IVEI_indice_integrado;IVEI_puesto;IVEI_nivel;perfil_territorial;dim1_vulnerab_estructural;dim2_exposicion_informativa;dim3_resiliencia_informativa;dim4_presion_coyuntural;nucleo_media_geometrica;idx_exclusion_digital;idx_hiperexposicion_digital;IVD_original_fase1;IVD_d1_socioeconomica;IVD_d2_educativa;IVD_d3_desconfianza;bloque_estructural_censal;pct_urbano;pct_rural;pct_edad_0a14;pct_edad_15a29;pct_edad_30a44;pct_edad_45a64;pct_edad_65ymas;pct_mujeres;pct_etnia_mestiza;pct_etnia_indigena;pct_etnia_montubia;pct_etnia_afroecuatoriana;pct_etnia_blanca;pct_etnia_otra;pobreza_ingresos_pct_2024;pobreza_extrema_pct_2024;pobreza_multidimensional_pct_2024;pobreza_NBI_pct_2024;coef_gini_2024;pobreza_NBI_censal_pct_2022;escolaridad_prom_anios_24ymas;analfabetismo_pct_15ymas;analf_digital_pct_15ymas;analf_digital_pct_65ymas;analf_digital_pct_rural;uso_internet_pct_2022;uso_internet_pct_urbano_2022;uso_internet_pct_rural_2022;brecha_internet_urbano_rural_pp;uso_celular_pct_2022;uso_computadora_pct_2022;uso_internet_pct_2024_ENEMDU;usa_redes_sociales_pct;plataformas_por_persona_n;usa_facebook_whatsapp_o_tiktok_pct;usa_whatsapp_pct;plat_facebook_pct;plat_whatsapp_pct;plat_youtube_pct;plat_tiktok_pct;plat_instagram_pct;plat_x_pct;plat_snapchat_pct;plat_linkedin_pct;plat_otra_red_pct;percibe_info_falsa_promedio_pct;percibe_info_falsa_TV_pct;percibe_info_falsa_radio_pct;percibe_info_falsa_prensa_pct;percibe_info_falsa_redes_pct;confianza_interpersonal_pct;desconfianza_institucional_pct;elecciones_fraudulentas_pct;victima_delito_12meses_pct;temor_delito_violento_pct;narcotrafico_muy_grave_pct;percepcion_corrupcion_0a100;polarizacion_ideologica_pct;n_casos_latinobarometro;n_casos_enemdu_tic;confiabilidad_encuesta;norm_ruralidad;norm_envejecimiento;norm_nbi_censal;norm_analfabetismo;norm_uso_internet;norm_uso_celular;norm_internet_2024;norm_redes_sociales;norm_plataformas_rapidas;norm_alfabetizacion_digital;norm_escolaridad;norm_alfabetizacion;norm_conciencia_riesgo;norm_diversidad_fuentes;norm_confianza_interpersonal;norm_fraude_electoral;norm_victimizacion;norm_temor_delito;norm_narcotrafico;norm_corrupcion;norm_polarizacion;norm_no_usa_internet;norm_no_usa_celular;norm_analfabetismo_digital;norm_mensajeria;norm_baja_conciencia;cta_personas;cta_hombres;cta_mujeres;cta_edad_0a14;cta_edad_15a29;cta_edad_30a44;cta_edad_45a64;cta_edad_65ymas;cta_16ymas;cta_urbano;cta_rural;cta_nbi_pobres;cta_nbi_valid;cta_analfabetos_15mas;cta_analf_valid;cta_analf_digital;cta_adig_valid;cta_adig_65mas;cta_valid_65mas;cta_adig_rural;cta_valid_rural;cta_suma_anios_escolaridad;cta_casos_escolaridad;cta_usa_celular;cta_usa_internet;cta_usa_computadora;cta_tic_valid;cta_internet_rural;cta_tic_valid_rural;cta_internet_urbano;cta_tic_valid_urbano;cta_etnia_indigena;cta_etnia_afro;cta_etnia_montubia;cta_etnia_mestiza;cta_etnia_blanca;cta_etnia_otra
Provincia;Azuay;1;801609;595048;4,732;8066,760;99,372;50,302;12,000;Media;Alta exposición con capacidad de filtro;42,356;87,235;66,989;59,523;49,593;41,346;74,683;37,600;13,900;23,900;75,000;49,489;52,412;47,588;23,954;25,813;21,189;18,440;10,604;53,042;94,673;1,995;0,414;0,885;1,996;0,038;12,702;6,559;24,713;16,935;0,437;25,747;11,307;3,508;9,822;40,180;14,761;79,909;87,489;71,408;16,081;85,386;41,784;80,170;97,524;3,847;97,052;92,610;85,600;92,600;65,100;56,400;53,000;13,800;11,400;6,500;0,200;68,916;73,667;59,321;61,332;82,032;6,656;68,394;89,291;53,110;74,214;97,914;76,956;19,600;56;2340;Media (n<100);61,946;82,611;18,704;34,697;80,220;78,528;77,427;100,000;100,000;72,430;46,960;65,303;98,977;85,629;32,633;100,000;61,295;41,491;76,579;76,124;1,649;19,780;21,472;27,570;92,174;1,023;801609;376419;425190;192021;206919;169854;147815;85000;595048;420141;381468;205719;799010;21386;609588;59874;609588;34153;85000;41498;281129;5433307;480506;638256;597317;312335;747499;251619;352366;345698;395133;15992;7092;3315;758909;15998;303
Provincia;Bolívar;2;199078;144873;1,175;3932,204;50,628;59,366;2,000;Alta;Exclusión digital con carencia estructural;71,214;45,726;31,703;36,563;60,587;94,134;45,292;55,700;38,800;47,400;81,000;94,484;32,235;67,765;25,144;26,330;18,228;18,608;11,690;51,841;68,590;29,499;0,820;0,441;0,642;0,008;40,678;11,260;58,034;36,987;0,443;58,563;9,967;8,941;25,421;62,324;32,332;48,362;70,790;37,574;33,217;67,666;21,418;62,961;96,023;3,557;95,265;89,646;87,500;89,600;48,500;54,300;47,200;13,100;9,300;5,900;0,300;69,016;71,344;63,455;61,148;80,454;6,144;68,937;82,883;43,563;73,738;96,649;75,717;26,345;16;416;Baja (n<50);100,000;97,104;80,834;100,000;0,000;22,975;45,840;81,337;78,478;9,323;6,447;0,000;100,000;47,711;26,734;34,948;15,949;39,434;41,744;59,619;27,682;100,000;77,025;90,677;66,643;0,000;199078;95873;103205;50057;52417;36287;37045;23272;144873;64172;134906;116266;198533;13324;149021;37882;149021;14504;23272;32220;99653;1139852;114368;124750;89160;39486;184361;46773;124484;42387;59877;58727;877;1633;136547;1278;16
Provincia;Cañar;3;227578;162579;1,344;3250,752;70,008;57,427;5,000;Media;Perfil intermedio;57,447;58,544;43,047;47,485;57,644;66,478;53,615;45,600;34,600;56,400;45,800;75,217;44,423;55,577;26,571;24,578;19,113;18,101;11,636;53,865;82,654;14,708;0,511;0,982;1,134;0,011;25,419;9,295;69,946;55,679;0,380;39,184;9,753;7,554;15,394;49,375;19,448;68,782;76,958;62,198;14,760;78,213;26,099;71,782;94,508;3,860;93,750;88,131;86,000;88,100;60,700;60,400;54,800;17,600;9,300;8,900;0,300;65,102;69,829;58,910;56,602;75,403;7,659;65,401;82,883;52,653;76,769;98,165;73,747;24,729;16;494;Baja (n<50);77,012;96,385;44,144;83,325;51,926;56,042;62,030;62,496;60,227;49,887;0,000;16,675;60,166;87,349;44,204;34,948;59,126;52,524;83,488;33,377;21,445;48,074;43,958;50,113;53,590;39,834;227578;104994;122584;60470;55935;43498;41194;26481;162579;101098;126480;88943;226989;12623;167108;25725;167108;13075;26481;17927;92179;1276616;130893;163908;144143;54694;209565;72204;116087;71939;93478;33472;2234;1163;188103;2581;25
Provincia;Carchi;4;172828;129603;1,020;3740,384;46,206;54,016;8,000;Media;Perfil intermedio;47,747;57,523;37,299;30,587;55,636;56,486;65,842;43,300;44,300;43,500;42,100;54,417;50,893;49,107;23,166;25,285;20,416;20,457;10,676;51,077;89,588;4,244;0,282;5,151;0,675;0,060;36,687;22,016;40,744;34,233;0,514;33,358;10,198;3,631;16,102;51,217;22,256;65,457;75,703;54,742;20,961;77,928;30,253;74,095;94,508;3,587;93,750;89,646;84,500;89,600;50,100;55,800;50,300;14,600;9,300;4,400;0,300;59,547;62,253;49,819;52,057;74,393;7,659;65,738;79,852;46,593;72,223;95,134;76,474;31,194;16;576;Baja (n<50);64,811;83,575;33,114;36,167;43,470;55,146;66,276;62,496;60,227;47,023;13,429;63,833;3,627;51,675;44,204;4,185;30,342;32,889;0,000;69,711;46,395;56,530;44,854;52,977;66,643;96,373;172828;84553;88275;40038;43700;35284;35355;18451;129603;87957;84871;57301;171776;4821;132790;21382;132790;9450;18451;14305;64274;1075451;105461;125843;105704;48855;161487;43212;78938;62492;82549;7334;8902;488;154833;1167;104
Provincia;Cotopaxi;5;470210;340148;2,776;6043,221;77,808;57,502;4,000;Media;Perfil intermedio;51,657;64,605;40,222;39,399;58,431;73,677;69,114;33,500;44,600;55,900;0,000;78,893;33,279;66,721;25,670;26,676;20,539;17,612;9,502;51,593;73,473;23,701;1,136;0,983;0,691;0,015;37,199;13,911;70,194;33,576;0,477;48,562;10,007;7,920;18,589;57,684;23,688;59,986;76,569;51,698;24,871;74,722;28,301;74,912;96,799;3,729;96,189;92,886;81,400;92,900;54,900;66,900;50,200;10,500;8,700;7,200;0,200;65,001;69,264;59,442;54,095;76,636;8,604;61,583;81,345;53,355;71,545;98,523;71,619;25,974;32;424;Baja (n<50);98,030;67,917;61,899;87,728;29,558;45,095;67,776;90,987;89,606;36,960;7,682;12,272;59,136;70,189;55,094;19,334;62,459;29,961;93,355;5,031;26,251;70,442;54,905;63,040;94,553;40,864;470210;227616;242594;120705;125432;96577;82815;44681;340148;156481;313729;226102;465599;27681;349505;64971;349505;25774;44681;54957;232000;2695308;269332;324678;260648;122972;434517;149784;289727;110864;144790;111446;4624;5342;345479;3249;70
Provincia;Chimborazo;6;471933;349171;2,786;6500,665;72,598;58,566;3,000;Alta;Hiperexposición con baja resiliencia;50,985;68,739;37,026;29,412;60,433;70,719;78,378;33,600;37,700;40,600;22,400;77,063;47,606;52,394;24,111;26,052;19,681;18,771;11,385;52,650;60,677;37,877;0,225;0,462;0,746;0,013;31,164;10,044;62,564;22,570;0,490;42,755;10,554;8,384;17,184;52,632;25,844;63,349;81,019;47,146;33,873;77,014;35,394;77,602;96,799;3,716;96,189;91,667;86,300;91,700;59,800;58,300;49,000;13,000;8,700;4,700;0,200;60,257;64,229;53,431;50,947;72,859;9,823;63,616;87,094;43,599;67,336;96,084;71,242;30,759;32;419;Baja (n<50);71,011;93,037;50,904;93,302;38,110;52,281;72,713;90,987;89,606;42,647;24,201;6,698;10,860;68,594;69,156;77,698;16,123;11,779;26,157;0,000;44,717;61,890;47,719;57,353;84,047;89,140;471933;223460;248473;113788;122948;92880;88587;53730;349171;224667;247266;201201;470596;30026;358145;61543;358145;28279;53730;47619;184259;2943235;278870;338452;278399;155547;439471;108086;229258;170313;210213;178754;2178;1063;286356;3521;61
Provincia;El Oro;7;714592;521781;4,219;5817,847;122,828;48,505;13,000;Media;Alta exposición con capacidad de filtro;37,817;66,969;57,411;62,658;47,601;31,687;46,737;41,200;6,700;17,500;99,300;32,741;78,538;21,462;25,179;25,456;20,921;19,415;9,029;50,572;91,232;0,535;1,382;4,029;2,723;0,100;11,991;2,605;21,943;18,250;0,390;36,584;11,323;2,075;11,020;37,538;16,817;73,626;76,436;63,260;13,176;82,600;27,428;88,901;94,260;3,579;92,730;86,905;83,400;86,900;62,300;51,900;50,200;9,800;9,300;4,000;0,200;67,144;71,517;61,102;59,549;76,632;5,158;70,597;81,329;58,930;79,079;98,764;77,115;26,190;48;2833;Baja (n<50);12,674;61,603;39,221;17,468;64,245;69,794;93,452;59,420;47,936;67,585;47,416;82,532;80,942;50,623;15,366;19,177;88,936;62,503;100,000;78,251;27,083;35,755;30,206;32,415;43,024;19,058;714592;353211;361381;179929;181906;149498;138738;64521;521781;561225;153367;260570;712260;11094;534663;58918;534663;24220;64521;19122;113704;4762863;420653;544077;484971;180667;658691;88856;140462;396115;518229;3823;28788;9874;651937;19455;715
Provincia;Esmeraldas;8;553900;365455;3,270;15528,818;35,669;41,781;21,000;Baja;Exclusión digital con carencia estructural;66,980;14,969;35,216;76,265;40,198;75,065;10,953;68,100;59,300;45,100;100,000;65,300;44,879;55,121;31,788;26,626;18,797;15,788;7,001;51,463;39,490;3,353;1,690;53,789;1,647;0,031;50,991;26,404;60,917;53,083;0,502;62,971;10,285;5,724;26,066;53,726;34,076;49,589;63,136;38,370;24,766;64,100;17,077;69,835;89,482;3,192;88,872;81,911;76,500;81,900;44,000;49,800;44,100;8,100;11,100;3,500;0,200;64,086;68,399;54,732;56,534;76,950;12,498;70,662;87,442;54,575;73,984;98,523;78,504;39,254;32;1673;Baja (n<50);76,153;34,543;89,180;61,325;3,122;11,796;58,457;0,000;1,469;6,713;16,081;38,675;49,827;0,000;100,000;81,235;68,252;40,497;93,355;96,748;77,502;96,878;88,204;93,287;0,000;50,173;553900;268848;285052;176076;147480;104119;87447;38778;365455;248586;305314;346609;550425;21625;377824;98483;377824;20834;38778;69478;203894;2875704;279591;319490;247164;85117;498422;104612;272637;142552;225785;18572;297935;9360;218737;9124;172
Provincia;Guayas;9;4391923;3180508;25,928;15721,670;279,355;46,361;17,000;Media;Alta exposición con capacidad de filtro;35,517;70,906;62,614;62,731;45,492;32,467;45,546;39,000;19,800;22,100;75,200;30,292;85,258;14,742;25,724;25,673;20,754;19,474;8,375;50,949;81,026;1,287;8,398;5,443;3,643;0,202;20,986;5,261;32,925;29,297;0,424;39,114;11,629;2,641;12,296;35,970;25,480;70,415;74,674;45,357;29,317;80,705;29,745;89,717;95,869;3,578;93,750;84,793;83,500;84,800;51,400;54,500;53,400;14,000;9,900;5,300;0,900;68,311;68,580;57,515;60,791;86,434;7,078;68,407;79,440;56,306;87,759;98,524;76,877;27,321;304;3267;Alta;0,000;52,878;44,013;24,276;56,078;63,854;94,949;79,421;60,227;62,422;56,684;75,724;92,826;50,533;37,498;0,000;76,473;100,000;93,394;75,073;31,448;43,922;36,146;37,578;24,830;7,174;4391923;2154292;2237631;1129777;1127530;911499;855287;367830;3180508;3744462;647461;1711765;4376301;86164;3262146;401108;3262146;132307;367830;117905;462737;29694852;2553447;3267970;2851285;1204450;4049279;266852;588339;2584433;3460940;56546;239044;368848;3558619;159976;8890
Provincia;Imbabura;10;469879;349647;2,774;4808,559;97,717;56,141;7,000;Media;Perfil intermedio;52,780;58,032;44,532;59,103;55,385;54,104;55,115;48,000;35,100;41,400;67,500;59,950;52,275;47,725;23,631;26,569;20,726;18,805;10,268;51,768;64,895;28,006;0,257;5,773;1,042;0,029;32,133;17,278;39,849;25,078;0,483;32,662;10,691;6,251;13,539;50,297;19,559;71,490;81,067;60,839;20,227;81,765;36,851;76,639;93,750;3,564;92,083;87,963;85,300;88,000;56,700;52,000;44,600;10,700;12,400;5,400;1,300;62,001;61,806;56,651;54,900;78,771;10,061;67,714;87,447;53,057;76,297;96,432;78,748;25,923;40;1296;Baja (n<50);62,205;78,138;31,796;67,662;58,812;67,177;70,946;53,076;40,152;57,391;28,326;32,338;28,604;48,636;71,899;81,287;61,043;50,487;35,748;100,000;26,052;41,188;32,823;42,609;52,140;71,396;469879;226633;243246;111039;124841;97388;88362;48249;349647;245628;224251;153025;468517;22430;358840;48585;358840;24268;48249;32691;167141;2993474;280007;358749;313666;161686;438756;126386;207737;187280;231019;131592;27124;1209;304926;4894;134
Provincia;Loja;11;485421;358535;2,866;11039,044;43,973;45,040;19,000;Baja;Alta exposición con capacidad de filtro;32,671;73,374;60,022;39,479;45,763;51,293;80,700;18,000;26,200;9,100;18,600;54,678;60,430;39,570;24,246;25,367;19,813;18,668;11,907;51,497;94,612;3,562;0,301;0,561;0,943;0,021;25,096;9,389;33,219;22,663;0,472;39,364;11,333;2,901;13,706;42,419;23,714;68,217;81,368;48,098;33,270;79,241;34,902;75,527;97,083;3,675;96,528;93,519;85,300;93,500;60,000;56,500;50,200;10,700;5,700;5,400;0,200;62,649;62,319;53,742;54,965;80,110;11,172;63,270;85,225;48,613;66,297;96,432;75,081;30,579;40;894;Baja (n<50);46,825;100,000;44,485;27,401;50,489;59,263;68,904;94,526;93,687;56,715;47,736;72,599;35,200;63,170;84,711;58,728;39,934;7,290;35,748;51,151;44,023;49,511;40,737;43,285;100,000;64,800;485421;235444;249977;117694;123135;96175;90618;57799;358535;293339;192082;190433;483773;10669;367727;50402;367727;24518;57799;34501;145490;3277433;289190;357418;307695;157428;451054;85759;178299;221936;272755;17293;2723;1459;459267;4579;100
Provincia;Los Ríos;12;898652;629110;5,305;7240,026;124,123;56,676;6,000;Media;Perfil intermedio;46,743;55,805;31,585;54,443;56,301;65,411;63,682;36,100;21,400;37,200;49,800;62,708;53,995;46,005;28,010;26,235;19,264;18,304;8,188;50,660;60,501;0,663;35,354;2,318;1,116;0,048;21,591;3,869;39,360;33,868;0,415;61,383;10,048;5,224;21,009;52,841;27,235;53,207;62,178;42,614;19,564;70,769;13,536;81,675;95,637;3,781;95,165;91,667;83,700;91,700;57,600;61,200;50,200;14,700;13,300;5,500;0,200;62,312;65,177;57,023;54,608;74,348;3,826;66,101;85,448;56,369;69,154;96,936;72,714;45,083;56;476;Media (n<100);58,962;50,380;86,173;55,316;12,322;32,702;80,189;76,538;77,273;27,169;8,894;44,684;31,771;76,991;0,000;60,995;76,774;19,633;49,642;19,613;100,000;87,678;67,298;72,831;84,047;68,229;898652;443391;455261;251713;235758;173114;164486;73581;629110;485223;413429;550670;897111;33794;646939;135918;646939;38881;73581;80672;296209;4951802;492838;578628;435040;110677;817634;159768;374918;275272;442716;5960;20831;317710;543689;10032;430
Provincia;Manabí;13;1592840;1151654;9,403;19453,973;81,877;47,031;15,000;Media;Exclusión digital con carencia estructural;50,987;41,391;46,531;32,174;48,323;58,623;25,707;41,400;27,100;29,300;67,700;65,368;58,030;41,970;25,828;26,127;19,783;19,258;9,005;50,589;62,853;0,184;33,563;1,862;1,413;0,126;26,671;6,443;43,795;43,634;0,410;60,120;10,261;6,034;17,399;47,100;26,216;62,117;73,172;46,715;26,457;76,029;20,754;82,225;90,972;3,443;90,664;87,757;81,900;87,800;53,100;47,400;45,800;13,300;9,300;5,500;0,100;68,859;76,597;64,741;53,924;80,308;8,676;67,729;81,798;41,204;64,609;98,635;73,193;30,031;112;572;Alta;51,351;61,276;83,783;65,061;34,978;49,194;81,197;18,534;23,050;41,776;15,339;34,939;98,394;32,810;55,926;23,941;4,750;0,000;96,447;25,999;41,905;65,022;50,806;58,224;50,367;1,606;1592840;787046;805794;411396;416156;315117;306742;143429;1151654;924325;668515;955376;1589104;71292;1181444;205559;1181444;67555;143429;128456;489987;9375346;913703;1112067;908577;303566;1462690;285505;611168;623072;851522;2928;29653;534600;1001147;22505;2007
Provincia;Morona Santiago;14;192508;116692;1,136;24120,116;7,981;36,374;22,000;Baja;Exclusión digital con carencia estructural;68,509;9,411;20,632;36,483;37,126;73,607;35,355;73,600;85,800;61,600;73,300;60,873;32,641;67,359;37,032;26,609;17,765;12,925;5,669;50,732;39,927;58,554;0,237;0,548;0,672;0,061;64,561;40,914;84,101;71,042;0,558;65,408;10,291;3,424;27,725;51,457;38,606;51,530;78,433;37,835;40,598;60,338;21,376;37,987;91,047;3,361;90,372;85,360;82,100;85,400;50,100;49,800;47,500;9,000;8,300;3,900;0,200;59,190;67,685;52,541;43,726;73,107;5,480;68,241;81,737;40,204;81,983;98,363;73,612;19,173;24;377;Baja (n<50);99,234;16,777;93,794;33,688;8,056;0,000;0,000;19,468;19,533;0,000;16,243;66,312;0,000;22,160;19,075;23,315;0,000;75,048;88,955;31,581;0,000;91,944;100,000;100,000;29,719;100,000;192508;94845;97663;71289;51224;34200;24881;10914;116692;62836;129672;125461;191813;4151;121219;33608;121219;5616;10914;29668;76848;898374;87299;102220;87298;36214;169413;42476;112266;44822;57147;112722;1055;456;76863;1294;118
Provincia;Napo;15;131675;86238;0,777;12713,102;10,357;46,602;16,000;Media;Exclusión digital con carencia estructural;54,068;38,641;51,571;50,069;46,598;63,317;47,576;52,300;68,400;26,500;62,100;56,720;33,928;66,072;32,216;27,162;20,085;15,079;5,458;50,243;32,513;64,954;0,453;1,255;0,793;0,032;57,618;32,916;79,228;37,968;0,537;61,713;11,425;3,061;22,602;52,998;30,696;55,036;78,338;42,746;35,591;67,509;27,134;53,248;94,750;3,635;93,750;88,333;83,500;88,300;56,100;55,700;50,300;13,200;10,200;5,800;0,300;65,102;68,174;57,761;56,715;78,199;8,110;67,218;83,405;51,503;75,334;97,577;75,546;28,376;0;457;Sin muestra propia (valor nacional imputado);96,806;13,959;86,797;29,320;16,972;22,482;28,011;65,511;60,227;20,727;50,516;70,680;60,159;57,938;49,404;40,251;53,660;46,329;67,307;57,346;35,519;83,028;77,518;79,273;55,331;39,841;131675;65517;66158;42421;35765;26447;19855;7187;86238;44675;87000;80894;131082;2732;89254;20173;89254;3809;7187;17440;56815;755832;66155;80062;65270;32180;118595;33190;77644;32080;40951;85528;1653;596;42812;1044;42
Provincia;Pastaza;16;111915;72506;0,661;30064,425;3,723;48,467;14,000;Media;Exclusión digital con carencia estructural;52,833;45,998;53,166;50,069;48,462;60,382;51,138;50,200;56,600;31,900;62,100;56,783;34,299;65,701;33,100;26,409;19,242;15,106;6,142;50,818;47,174;50,831;0,313;1,026;0,640;0,017;44,461;24,954;64,359;37,063;0,533;52,932;11,683;3,764;20,075;44,661;27,470;62,039;81,285;51,556;29,729;69,568;32,778;60,070;94,750;3,635;93,750;88,333;83,500;88,300;56,100;55,700;50,300;13,200;10,200;5,800;0,300;65,102;68,174;57,761;56,715;78,199;8,110;67,218;83,405;51,503;75,334;97,577;75,546;28,376;0;443;Sin muestra propia (valor nacional imputado);96,106;23,085;70,173;37,768;34,779;28,938;40,533;65,511;60,227;30,952;58,309;62,232;60,159;57,938;49,404;40,251;53,660;46,329;67,307;57,346;35,519;65,221;71,062;69,048;55,331;39,841;111915;55042;56873;37044;29556;21535;16906;6874;72506;38386;73529;59036;111532;2818;74871;15030;74871;3070;6874;12825;46687;654032;55981;69399;61888;32698;99757;33296;64582;28592;35175;56887;1148;350;52795;716;19
Provincia;Pichincha;17;3089473;2367408;18,239;9676,287;319,283;30,814;23,000;Muy baja;Alta exposición con capacidad de filtro;28,971;87,791;89,132;62,741;30,236;26,317;68,091;27,400;9,500;5,000;67,700;31,327;63,379;36,621;21,661;25,253;23,186;20,303;9,597;51,754;87,400;6,234;0,727;2,749;2,824;0,066;12,684;4,195;12,257;9,366;0,453;15,868;13,020;1,858;6,460;28,257;7,847;84,103;85,873;81,022;4,851;89,201;55,915;86,975;96,232;3,957;95,700;90,130;82,500;90,100;62,100;62,400;55,000;20,400;13,500;9,500;0,100;67,926;70,034;60,925;61,616;78,454;10,419;67,728;83,727;61,259;73,902;97,434;78,633;27,197;232;3753;Alta;41,263;69,187;0,000;14,859;90,886;90,491;89,917;83,943;83,720;86,030;98,689;85,141;88,902;100,000;76,028;43,520;100,000;40,141;63,347;98,469;30,969;9,114;9,509;13,970;70,809;11,098;3089473;1490557;1598916;669205;780184;716330;627242;296512;2367408;1958079;1131394;489315;3083707;44966;2420268;156361;2420268;83786;296512;68365;871213;25367369;1948388;2591154;2443060;1624233;2904833;858423;1059499;1584637;1845334;192607;84921;22452;2700205;87253;2035
Provincia;Tungurahua;18;563532;424735;3,327;3405,420;165,481;45,330;18,000;Baja;Perfil intermedio;39,564;46,310;45,661;35,368;46,348;56,310;37,815;24,900;12,800;16,300;45,600;61,560;39,971;60,029;22,932;24,912;21,350;20,080;10,726;51,893;84,015;13,550;0,335;0,803;1,266;0,032;12,941;4,307;34,694;6,946;0,435;31,560;11,055;4,522;14,118;51,020;18,429;70,976;82,760;63,041;19,719;81,428;39,068;82,924;91,528;3,575;88,750;84,630;83,100;84,600;57,800;54,300;49,100;12,900;10,100;5,400;0,200;60,890;64,541;57,161;53,731;70,794;8,950;65,723;80,254;48,613;69,630;97,543;73,765;30,143;40;1867;Baja (n<50);85,410;84,240;29,709;46,882;57,505;66,119;82,481;25,443;0,000;55,049;39,327;53,118;17,296;50,089;59,088;8,266;39,934;21,689;66,360;33,615;42,341;42,495;33,881;44,951;23,424;82,704;563532;271101;292431;129231;140388;120312;113158;60443;424735;225249;338283;177035;560955;19639;434301;61316;434301;30838;60443;47358;256981;3845703;347876;427915;372990;205310;525516;197986;314057;175004;211459;76356;4524;1886;473452;7135;179
Provincia;Zamora Chinchipe;19;110973;75386;0,655;10474,343;10,595;52,026;11,000;Media;Perfil intermedio;50,384;62,363;55,197;50,069;52,021;45,328;55,175;50,100;44,100;44,200;62,100;50,810;46,339;53,661;29,831;27,478;20,163;15,391;7,137;50,059;79,476;18,911;0,278;0,694;0,531;0,110;33,995;19,248;55,181;31,776;0,502;50,104;10,887;3,006;13,370;47,462;19,548;69,978;81,402;60,040;21,362;77,374;27,003;80,320;94,750;3,635;93,750;88,333;83,500;88,300;56,100;55,700;50,300;13,200;10,200;5,800;0,300;65,102;68,174;57,761;56,715;78,199;8,110;67,218;83,405;51,503;75,334;97,577;75,546;28,376;0;524;Sin muestra propia (valor nacional imputado);73,399;36,357;64,819;28,663;54,967;53,409;77,702;65,511;60,227;58,077;34,265;71,337;60,159;57,938;49,404;40,251;53,660;46,329;67,307;57,346;35,519;45,033;46,591;41,923;55,331;39,841;110973;55421;55552;33104;30493;22376;17080;7920;75386;51424;59549;55335;110440;2341;77869;10411;77869;3759;7920;8060;41231;633106;58151;77803;70366;27153;100555;32287;53776;38079;46779;20986;770;309;88197;589;122
Provincia;Galápagos;20;28583;21224;0,169;7687,249;3,718;29,958;24,000;Muy baja;Alta exposición con capacidad de filtro;14,527;83,784;77,917;50,069;29,955;4,785;64,182;;;;;14,527;79,561;20,439;24,035;24,144;25,624;20,439;5,759;49,690;81,370;9,345;2,257;4,573;2,302;0,154;;;;;;31,394;13,063;0,622;3,007;19,441;4,976;87,687;89,603;80,236;9,368;92,234;47,030;88,753;94,750;3,635;93,750;88,333;83,500;88,300;56,100;55,700;50,300;13,200;10,200;5,800;0,300;65,102;68,174;57,761;56,715;78,199;8,110;67,218;83,405;51,503;75,334;97,577;75,546;28,376;0;276;Sin muestra propia (valor nacional imputado);10,744;17,969;29,395;0,000;100,000;100,000;93,180;65,511;60,227;100,000;100,000;100,000;60,159;57,938;49,404;40,251;53,660;46,329;67,307;57,346;35,519;0,000;0,000;0,000;55,331;39,841;28583;14380;14203;6870;6901;7324;5842;1646;21224;22741;5842;8929;28442;135;21713;653;21713;320;1646;220;4421;230798;17668;24503;23295;12494;26566;4360;5434;18935;21132;2671;1307;645;23258;658;44
Provincia;Sucumbíos;21;199014;134913;1,175;18253,088;10,903;59,484;1,000;Alta;Carencia estructural y déficit de resiliencia;60,597;55,701;37,025;47,814;59,680;52,100;65,242;65,300;76,700;41,000;78,300;53,543;40,718;59,282;30,031;27,708;20,917;15,862;5,483;49,668;77,439;16,282;0,612;4,591;1,046;0,031;58,283;39,528;67,038;58,267;0,568;59,226;10,548;3,433;17,031;53,441;23,866;61,588;77,829;50,308;27,522;73,921;22,353;72,877;95,101;3,645;94,426;89,414;86,100;89,400;56,800;53,800;52,900;10,300;11,000;3,900;0,200;60,204;62,280;53,892;49,132;75,810;5,480;68,691;88,787;45,610;75,226;97,012;74,423;26,001;24;641;Baja (n<50);84,001;14,284;82,090;33,797;33,633;42,586;64,040;69,880;68,366;43,263;24,013;66,203;10,315;59,281;19,075;94,890;25,673;45,861;51,724;42,383;26,352;66,367;57,414;56,737;64,644;89,685;199014;100167;98847;59765;55143;41627;31568;10911;134913;81034;117980;117250;197969;4781;139249;23716;139249;5831;10911;19307;80897;1100687;104351;134000;111643;40520;181274;53816;106974;57827;74300;32403;9136;1217;154114;2082;62
Provincia;Orellana;22;182166;116486;1,075;21584,898;8,440;52,119;10,000;Media;Exclusión digital con carencia estructural;70,590;34,995;38,719;35,286;53,296;59,080;39,043;82,100;96,400;67,000;82,900;53,326;40,259;59,741;33,741;27,530;20,415;13,902;4,412;49,364;58,341;37,251;0,621;3,082;0,693;0,013;76,190;51,966;90,619;84,129;0,533;68,686;10,528;2,988;21,612;53,826;32,366;53,359;76,442;37,422;39,020;67,159;20,727;68,086;92,992;3,481;92,235;85,101;81,400;85,100;53,100;54,300;47,200;11,600;10,800;4,400;0,300;62,198;63,768;54,364;55,087;75,908;7,659;69,105;82,883;46,593;72,223;96,649;74,202;27,558;16;504;Baja (n<50);84,866;0,000;100,000;28,437;12,708;21,387;55,247;43,655;41,977;24,732;23,403;71,563;30,611;37,801;44,204;34,948;30,342;32,889;41,744;39,433;32,360;87,292;78,613;75,268;27,485;69,389;182166;92241;89925;61464;50150;37190;25325;8037;116486;73338;108828;125005;181995;3606;120702;26086;120702;4326;8037;22435;69316;932854;88609;109398;86918;33763;162893;36061;96363;50857;66530;67858;5614;1131;106278;1262;23
Provincia;Santo Domingo;23;492969;347439;2,910;4137,021;119,160;52,554;9,000;Media;Exposición alta sobre base estructural sólida;37,757;80,242;49,460;38,224;53,499;34,832;75,175;37,300;20,700;33,100;58,200;38,443;75,116;24,884;27,491;26,436;21,143;17,408;7,523;51,281;89,904;1,388;2,296;4,761;1,626;0,025;22,302;3,757;42,167;36,025;0,395;46,702;10,652;3,513;11,466;39,203;18,201;69,934;74,073;57,418;16,655;81,314;24,572;92,469;96,799;3,497;96,189;91,667;81,400;91,700;54,900;53,500;46,500;9,300;8,700;3,500;0,200;63,477;67,179;57,171;58,973;70,853;8,604;66,868;81,807;44,819;73,984;97,303;74,845;28,278;32;474;Baja (n<50);19,127;41,508;58,379;34,756;54,855;65,762;100,000;90,987;89,606;65,779;27,143;65,244;43,622;39,880;55,094;24,030;21,915;40,497;59,756;48,007;35,141;45,145;34,238;34,221;84,047;56,378;492969;240169;252800;135520;130323;104226;85814;37086;347439;370300;122669;229493;491394;12558;357449;40985;357449;14539;37086;16236;89203;2923444;274462;367487;316057;111049;451937;64496;112327;251561;339610;6844;23469;11317;443200;8018;121
Provincia;Santa Elena;24;385735;265271;2,277;3828,806;100,746;43,763;20,000;Baja;Perfil intermedio;34,362;45,000;44,139;43,341;44,205;55,094;45,630;26,800;26,000;24,700;29,900;45,706;52,312;47,688;29,132;26,604;19,847;17,351;7,067;50,406;91,414;1,233;2,224;2,305;1,690;1,134;34,989;9,804;43,788;37,209;0,377;47,268;10,532;2,770;18,417;51,471;21,979;57,487;64,885;49,285;15,599;70,527;18,315;80,927;93,140;3,546;92,530;86,789;86,300;86,800;58,600;54,700;47,800;8,100;7,500;4,700;0,200;61,952;67,179;53,513;55,314;72,072;8,604;64,293;88,622;43,599;81,301;96,084;72,894;27,058;32;1083;Baja (n<50);62,135;35,418;59,450;25,822;23,205;31,946;78,816;45,494;45,538;37,659;23,531;74,178;28,108;46,261;55,094;93,216;16,123;72,105;26,157;22,012;30,434;76,795;68,054;62,341;42,023;71,892;385735;191303;194432;112373;102620;76557;66927;27258;265271;201785;183950;182017;385075;7572;273362;50344;273362;14030;27258;28114;127913;2179744;206964;247478;201720;64265;350896;82014;166406;119706;184490;4756;8893;8577;352614;6520;4375
Nacional;ECUADOR (nacional);0;16938986;12306410;100,000;257088,680;65,888;49,009;;—;—;48,211;56,419;48,201;47,056;49,284;54,277;54,158;44,830;39,413;35,683;59,417;55,176;63,092;36,908;25,462;25,839;20,836;18,886;8,977;51,281;77,468;7,687;7,704;4,808;2,213;0,119;34,406;16,344;50,941;36,332;0,466;39,763;11,355;3,740;13,536;41,283;21,110;69,440;77,043;56,295;20,748;79,803;32,964;80,594;94,750;3,635;93,750;88,333;83,500;88,300;56,100;55,700;50,300;13,200;10,200;5,800;0,300;65,102;68,174;57,761;56,715;78,199;8,110;67,218;83,405;51,503;75,334;97,577;75,546;28,376;1200;26079;Muestra nacional completa;63,920;54,676;57,619;44,488;42,121;49,457;68,753;62,947;58,816;45,846;33,943;55,512;50,409;55,047;48,446;44,986;46,254;41,751;62,205;51,483;35,659;57,879;50,543;54,154;57,314;49,591;16938986;8252523;8686463;4312989;4376904;3529414;3199089;1520590;12306410;10687151;6251835;6713750;16884398;472228;12625997;1709033;12625997;627742;1520590;961379;4554181;112017186;9864763;12485705;10864274;5157359;15645661;3227821;5733748;7636453;9911913;1302057;814495;1305000;13122337;374930;20167
